sentence1_2_md5,sentence1,sentence1_gn,sentence2,sentence2_gn,label
8cd6305902824343b57143f113fd2932,John no podía ver el escenario si Billy estaba delante de él porque es demasiado bajo.,John ndaikatúi ohecha escenario Billy oĩramo henondépe ikarapeterei rupi.,John es demasiado bajo.,John ikarapeterei.,1
995ee38f9c818c1187e9ccb623578401,"Cuando Tatyana llegó al camarote, su madre estaba durmiendo. Entró con cuidado para no despertarla, se desvistió y subió a su litera.","Tatyana og̃uahẽ ikoty'ípe, isy okehína. Oike kirĩrĩhamete ani hag̃ua omombáy ichupe, oñemboi ha ojupi hupápe. ","La madre entró con cuidado para no despertarla, se desvistió y subió a su litera.","Isy oike kirirĩhapete ani hag̃ua omombáy ichupe, oñemboi ha ojupi hupápe.",0
ea0c3af20e220ea83c53341935c208bc,Saqué la cantimplora de la mochila para tenerla más a mano.,Aguenohẽ yryru che vokógui aguereko hag̃ua cheykereve.,Saqué la cantimplora de la mochila para tener la mochila más a mano.,Aguenohẽ yryru che vokógui aguereko hag̃ua che voko cheykereve. ,0
9010edf559d300ff45b9883f5cf0a749,Los bomberos llegaron más tarde que los policías porque venían de más lejos.,Bombero-kuéra hi'areve policia-kuéragui og̃uahẽ hag̃ua mombyryve oĩ rupi. ,Los policías venían de más lejos.,Policia-kuéra ou mombyryvégui.,0
f9b150c24cc644f167bf35ab198067a8,"Hasta ahora Larry siempre había ayudado a su padre en su trabajo. Pero ahora no podía ayudarle, porque su padre decía que el jefe de la compañía ferroviaria no quería que hubiera nadie más que él en la oficina.","Ko'ág̃a peve Larry katuete oipytyvõ itúvape hembiapópe. Ha katu ko'ág̃a ndaikatuvéima oipytyvõ ichupe, itúva he'irupi huvicha compañía ferroviaria-pegua ndoipotaiha avavete oĩ hendive imba'apohápe.  ",Ahora su padre no podía ayudarle.,Ko'ág̃a itúva ndaikatúi oipytyvõ ichupe.,0
c838197316e4e2879563d80271046c43,"Jane llamó a la puerta de Susan, pero no obtuvo respuesta.","Jane ojepopete Susan rógape, ha avave nosẽi hendápe.",Susan no obtuvo respuesta.,Nosẽi avave Susan rendápe.,0
b280042450c097c9f81cf545c0bc693e,"Bob jugaba a cartas con Adam e iba ganando. Si Adam no hubiera tenido un repentino golpe de suerte, él habría ganado.","Bob oha'ãhína baraja Adam ndive ha ogana ohóvo. Adam peichaguieténte ndaipo'ái rire, ha'e oganamo'ãkuri.",Adam habría ganado.,Adam ikatúkuri ogana.,0
3806affc801a2cb457619771d9f134f4,La gran bola penetró a través de la mesa porque era de acero.,Upe mba'eapu'aguasu ombokua mesa ha'e rupi acero-guigua.,La gran bola era de acero.,Upe vóla tuicháva ha'e rupi acero-guigua.,1
3a676d1b07624b98dc81cf9bc698c31c,Tom dijo “jaque” a Ralph cuando capturó su alfil.,Tom he'i “jaque” Ralph-pe ojapyhývo alfil.,Tom dijo “jaque” a Ralph cuando capturó el alfil de Ralph.,Tom he'i “jaque” Ralph-pe ojapyhývo Ralph alfil. ,1
a8c9eac8dedbc25c5dd2b0a88d12f321,Joe pagó al detective cuando hubo recibido el informe final sobre el caso.,Joe opaga detective-pe omog̃uahẽvo chupe informe paha pe káso rehegua.,Joe recibió el informe final sobre el caso.,Joe-pe og̃uahẽ informe paha pe káso rehegua.,1
2d5f34d8a93bc6755f8baa94f7c6582f,"Queríamos colocar ejemplares de nuestro boletín en todos los asientos de la sala, pero había demasiados.","Romoĩsemo'ã ore boletín opaite sala guapyhakuérape, katu hetaiterei oĩ.  ",Había demasiados ejemplares del boletín.,Oĩkuri hetaiterei boletin.,0
6a178991f7f1c79eea8d239131bf2420,"Jackson estaba muy influido por Arnold, aunque vivió dos siglos antes.","Jackson omomba'eguasueterei Arnold-pe, jepémo ojapóma 200 ary omanohague. ",Arnold vivió dos siglos antes.,Arnold omanohague ojapóma 200 ary.,1
10b20dc6123fcea31bf8a6370ecee051,"Sam y Amy están muy enamorados, pero a los padres de Amy no les gusta, porque son unos esnobs.","Sam ha Amy ojoayhueterei, katu Amy tuvakuéra ndoguerohorýi ijejapoiterei rupi.",Los padres de Amy son unos esnobs.,Amy tuvakuéra ijejapoiterei.,1
0ec2c7e5694813566d59e68845cf3d74,Bill pasó la bandeja medio vacía a John porque tenía hambre.,Bill ombohasa John-pe bandeja nandi lénto iñembyahyieterei rupi,John tenía hambre.,John iñembyahyieterei.,1
e9988813efbf4c0e75b470782f3a5c4b,Sara tomó prestado un libro de la biblioteca porque lo necesita para un artículo en el que está trabajando. Lo lee cuando llega a casa del trabajo.,Sara oiporu peteĩ aranduka arandukarendágui oikotevẽ rupi ojapo hag̃ua peteĩ artículo ohaivahína. Omoñe'ẽ hógape og̃uahẽ rire imba'apohágui. ,Lee el artículo cuando llega a casa del trabajo.,Omoñe'ẽ artículo og̃uahẽ rire hógape imba'apohágui.,0
fa32c40d3f102c7fddb7b38314f7d944,Fred miraba la televisión mientras George salía a comprar comida. Al cabo de una hora volvió.,Fred ohechákuri téle George oho aja oheka tembi'u. Peteĩ aravo ohasa rire ou jey.,George volvió.,George ou jey.,1
cebb77c5eb6bf5089c0bf07808bf7105,"Lily habló a Donna, e interrumpió su concentración.","Lily oñe'ẽ Donna-pe, ha omyangekói ichupe oĩporãitehágui.","Lily habló a Donna, e interrumpió la concentración de Donna.","Lily oñe'ẽ Donna-pe, ha omyangekói Donna-pe.",1
38aea392c29f09358896298d01809347,"Alice intentó con todas sus fuerzas evitar que su hija hablara en la fiesta, y nos preguntábamos por qué se comportaba de forma tan extraña.","Alice opaichareikuri oñeha'ã ojoko ani hag̃ua oñe'ẽ jerokyhápe imembykuña, ha roñeporandukuri mba'érepa péicha ojapo. ",La hija de Alice se comportaba de forma extraña.,Alice membykuña ndojeikuaái mba'épa upe ojaposéva.,0
7508134fdb49a4556ca84e2e292e10c2,"En varias ocasiones Henry había estado presente en las entrevistas que su padre había mantenido con destacados detectives que solicitaban su ayuda para resolver misterios sorprendentes, y esas ocasiones fueron días señalados para él.","Heta jey Henry oĩkuri itúva oñe'ẽ jave umi detective katupyry ndive oipotáva oipytyvõ ichupe omyesakã hag̃ua umi káso ijetu'u añetéva, ha umíva ichupe opytáva mandu'arã.",Estas ocasiones fueron días señalados para Henry.,Ko'ãva opytáva Henry-pe mandu'arã.,1
1792ac7814e7f7466ca79213daf6822a,"Sam acercó un asiento al piano, pero estaba roto, por lo que tuvo que quedarse de pie.","Sam omboja peteĩ apyka piano oĩháme, katu opẽmba, ha upévare opytánte oñembo'yhápe.","El asiento estaba roto, por lo que tuvo que quedarse de pie.","Upe apyka opẽmba, ha upévare opytánte oñembo'yhápe.",1
07eefa35f24ed0f7b90ad3e55c6354f5,Los políticos de Washington no pueden conocer a los colonos y por eso deben redactar normas para regularlos.,Umi político Washington-pegua ndaikatúi oikuaávo umi colono-pe ha upévare ojapo tekoguatarã ichupekuéra g̃uarã. ,Deben redactar normas para regular a los políticos.,Ojapo tekoguatarã ichupekuéra g̃uarã. ,0
c2a01f494179048c41d31552bd1edb16,A Anna la prueba le salió mucho mejor que a su buena amiga Lucy porque había estudiado mucho.,Anna-pe osẽ porãiteve kuara'ã ojapova'ekue iñangirũete Lucy ojapova'ekuégui hetave olee rupi. ,Anna había estudiado mucho.,Anna heta árama oñemoarandu,1
1f5cac3bf16ec0a52c446ebd1cc915bc,"John prometió a Bill que se iría, por eso se marchó al cabo de una hora.","John he'íkuri Bill-pe ohotaha, upéva rehe oho avei ohasa rire peteĩ aravo.",John se marchó., John oho.,1
9c38a9ba576e67e78914f1ee8e6b022b,El pez se comió al gusano. Estaba hambriento.,Pira ho'u ysópe. Iñembyahýikuri. ,El gusano estaba hambriento.,Yso iñembyahýi.,0
726b1ccee0745802ab3b834fa89483a4,Bill pasó la bandeja medio vacía a John porque estaba lleno.,Bill ombohasa John-pe bandeja nandilénto hyg̃uatáma rupi.,Bill estaba lleno.,Bill hyg̃uatãma.,1
c192049d95aefc972c98f5405e064637,Los zorros entran de noche y atacan a los pollos. Tendré que matarlos.,Aguara oike pyharekue ha ho'use ryguasukuéra. Ajukátamante.,Tendré que matar a los zorros.,Ajukátamante umi aguara.,1
a8b5f1d24c25966cf30b17047be2eff1,"Ann preguntó a Mary a qué hora cerraba la librería, porque lo había olvidado.","Ann oporandu Mary-pe mba'e aravópepa omboty aranduka ñevendeha, hesaráima rupi.",Ann lo había olvidado.,Ann hesaráima.,1
20b7a55b70cd9f6faba38ecfa025f1cc,El cliente entró en el banco y apuñaló a uno de los cajeros. Lo llevaron al hospital inmediatamente.,Peteĩ ñemuhára oike banco-pe ha oikutu peteĩva umi cajero-pe. Pya'eterei oguereha hikuái tasyópe.,Llevaron al cliente al hospital inmediatamente.,Ogueraha hikuái pya'eterei ñemuhárape tasyópe. ,0
b153d4841e993d1ceae85790ae59630c,Emma no pasó la pelota a Janie aunque vio que estaba abierta.,Emma nombohasái vakapipopo Janie-pe jepémo ohecha oĩha ha'eñoite.,Emma vio que ella estaba abierta.,Emma ohecha ichupe oĩha ha'eñoite.,1
4b1d708897f235b3f73b8fe7065013cc,"Mark solo podía pensar en Blaze, su caballo blanco. Temía que los mozos de las caballerizas de Burlington Stables se metieran con él y le acosaran porque era tímido, por eso asumió él mismo la alimentación y el cuidado del animal.","Mark imandu'a Blaze rehentevoi, ikavaju morotĩ. Okyhyje umi Burlington Stables kavaju rógape oñangarekóvagui ani ojahéi hese hekomirĩmi rupi,  upéva rehe ha'etevoi omongaru ha oñangareko hese.  ",Mark temía que los mozos de las caballerizas de Burlington Stables se metieran con él y le acosaran.,Mark okyhyje umi Burlington Stables kavaju rógape oñangarekóvagui ani ojahéi hese.,1
04a68bbe90a5af9246aa1a6c1c69a770,"Si se asomaba desde la cama de arriba, Tatyana podía ver a su madre cómodamente. Cuán pequeña, estirada y rígida estaba en la cama de abajo. Tenía los ojos cerrados, pero Tatyana no estaba segura de que durmiera.","Ojesarekóramo hupa yvategua guive, Tatyana ikatu ohecha isýpe oĩporãiteha. Mba'eichaitépa michĩmi, ojepyso hatã'asy tupa oĩva iguýpe. Hesa oñemboty katu Tatyana ndogueroviapái añetehápepa okehína. ",Tatyana no estaba segura de que su madre durmiera.,Tatyana ndogueroviapái añetehápepa isy okehína. ,1
fbce1726618e9120df71d499b73b63db,"No puedo cortar esta rama con el hacha, es demasiado gruesa.","Ndaikatúi aikytĩ háchape ko yvyra rakã, ipoguasueterei.",El hacha es demasiado gruesa.,Hácha ipoguasueterei.,0
37083c7b28984fee43db8591e29aac9f,Tom llevó a Ralph en coche a la escuela para que no tuviera que conducir solo.,Tom ogueraha Ralph-pe mbo'ehaópe mba'yruguatápe ani hag̃ua omboguata ha'eño. ,Para que Tom no tuviera que conducir solo.,Ani hag̃ua Tom omboguata ha'eño.,1
4e74787607e7efb2bfad695925c2b59d,El dibujo de Sam estaba colgado justo encima del de Tina y parecía mucho mejor con otro debajo.,Ta'ãnga Sam ojapóva oñemosãigókuri Tina ojapova'ekue ári ha ha'ete iporãvéva oĩramo ambue iguýpe.,El dibujo de Sam parecía mucho mejor con otro debajo.,Ta'ãnga Sam ojapova'ekue ha'etévaicha iporãvéva oĩramo ambue ta'ãnga iguýpe.,1
7cb8030c268ed1bf54a80cedc4ff2fe6,"Aunque corrían más o menos a la misma velocidad, Sue ganó a Sally porque ella había empezado mucho mejor.","Jepémo peteĩchalénto oñani hikuái, Sue raẽ og̃uahẽkuri Sally-gui ha'e oñepyrũ porãve rupi.",Sue había empezado mucho mejor.,Sue oñepyrũ porãvekuri.,1
d5ba8006fdeda3ca74ff6ac6d82be2e2,El hombre llevó al chico sobre sus hombros.,Upe kuimba'e ogueraha mitãme ijati'y ári,El hombre llevó al chico sobre los hombros del hombre.,Pe kuimba'e ogueraha mitãme kuimba'e ati'y ári,1
e6d254807698d316b451fc0f788d06dd,"Jackson estaba muy influido por Arnold, aunque vivió dos siglos antes.","Jackson omomba'eguasueterei Arnold-pe, jepémo ojapóma 200 ary omanohague.",Jackson vivió dos siglos antes.,Arnold omanohague ojapóma 200 ary.,0
1f2e0c3b15f58530aaf1fa76ce4b6e12,¿Te acuerdas de la vez que cortaste los bulbos de los tulipanes y los cocinaste con las hamburguesas porque pensaste que eran cebollas?,Nemandu'ápa reikytĩramoguare tulipan rapo ha embojy hamburguesarã reimo'ã rupi ha'eha sevói.,¿Pensaste que los bulbos eran cebollas?,Reimo'ãpa umi bulbo ha'eha sevói,1
efd206f04b9be5533ad34861a84cc315,Este libro introdujo a Shakespeare en Ovidio; fue una gran influencia para su escritura.,Ko aranduka omoĩnge ñepyrũ Shakespeare Ovidio akãme; hetamba'e ichugui oúva oĩ ihaipyrépe.,Fue una gran influencia para la escritura de Shakespeare.,Tuichaiterei mba'e Shakespeare haipýpe g̃uarã.,1
819642c8ff20c0d5ceeb6fa0294a1269,Guardé la tarta en la nevera. Había muchas sobras en ella.,Añongatu tarta eladérape. Heta tembyre oĩ ipype.  ,Había muchas sobras en la tarta.,Heta tembyre oĩ tarta-pe.,0
31525d7fc2146b095f58847a000059a0,Steve siempre sigue el ejemplo de Fred. Tiene mucha influencia sobre él.,Steve akóinte oreko techapyrãramo Fred-pe. Ohecharamoite ichupe.,Fred tiene mucha influencia sobre él.,Heta mba'épe ohecharamo Fred-pe.,1
e6197ce677294f7311ca05e82946719a,"Cuando Tommy dejó caer su helado, Timmy se rio, por eso su padre le dirigió una mirada severa.","Tommy-gui helado ho'aramoguare, Timmy opuka hese, upéva rehe itúva oma'ẽvai hese. ",El padre dirigió a Tommy una mirada severa.,Tommy ru oma'ẽvai hese.,0
5141f61ae6582955cf9074630eebc26f,"No tenía cuchara, por lo que utilicé un bolígrafo para remover el café. Pero resultó una mala idea, porque se llenó de tinta.","Ndaguerekóikuri kuimbe, upéva rehe aiporukuri peteĩ viróme aipyvu hag̃ua che café. Katu naiporãiete upe ajapóva ohopaite rupi tinta ipype. ",El café se llenó de tinta.,Café henyhẽ tinta-gui,1
55178531a7797f1e2820f990e87b90f2,"Sam intentaba pintar un cuadro de pastores con ovejas, pero más bien parecían jugadores de golf.","Sam oñeha'ãkuri omoha'ãnga hag̃ua ovechakuéra iñangarekohára ndive, katu uvei ojoguave umi golf ra'ãhárape. ",Los pastores más bien parecían jugadores de golf.,Umi ovecha ñangarekohára ojoguave uvei umi golf ra'ãharakuérape.,1
b6471a30958c601c37b64013d81b3dbe,John corría por el parque cuando vio a un hombre que hacía malabares con sandías. Estaba muy impresionado.,John oñanihína parque-pe ha ohecha sapy'a peteĩ tapicha ojapóva malabarismo sandia reheve. Ohecharamoiterei.,John estaba muy impresionado.,John ohecharamoiterei.,1
357462876580cbb403e399bf86318e06,"Papá observó las caras de sus hijas, tan asombradas y tristes ahora. Ya era bastante malo que tuvieran que renunciar a tantas cosas porque él no podía permitírselas.","Che ru oma'ẽ itajyrakuéra rováre, ha'ete ku noimo'ãi ha hovañembyasyvahína ko'ág̃a. Ivaimavoihína omboyke umi oipotáva ha'e ndaikatúi rupi ome'ẽ ichupekuéra. ",Ya era bastante malo que las caras tuvieran que renunciar a tantas cosas porque él no podía permitírselas.,Ivaimavoihína umi tova omboyke heta mba'e oipotáva ha'e ndaikatúi rupi ome'ẽ ichupekuéra ,0
4d93db15cc9f81655f26779b3f607595,"El perro perseguía al gato, que trepó por un árbol. Le esperó abajo.","Jagua omuña mbarakajápe, ojupíva peteĩ yvyra rehe. Oha'ãrõ ichupe iguýpe.",El perro espero abajo.,Jagua oha'ãrõ iguýpe.,1
13091ea1883bb28b0f73997ef4950868,Clavé una aguja en una zanahoria. Cuando saqué la aguja dejó un agujero.,Aikutu peteĩ ju zanahoria rehe. Aipe'a rire ju opyta ikuare hese.,La zanahoria dejó un agujero.,Zahahoria oheja peteĩ kuare.,0
838c23a71880d7d5fd4e2bd93de2a2a2,"Sam intentaba pintar un cuadro de pastores con ovejas, pero más bien parecían perros.","Sam oñeha'ãkuri omoha'ãnga hag̃ua ovechakuéra iñangarekohára ndive, katu uvei ojoguave jaguápe. ",Las ovejas más bien parecían perros.,Umi ovecha ojoguave uvei jaguápe.,1
775c62e877d31d0c418836f0d40541b0,"En medio del concierto al aire libre empezó a llover, y siguió hasta las 10.","Concierto okápe oiko aja oñepyrũ oky sapy'a, ha ohorei hese la 10 peve.",El concierto siguió hasta las 10.,Concierto oho hese la 10 peve.,0
8817d8f2838cb9aecf40ba1d481d9d63,Mark estaba seguro de una cosa. Harry sabía mucho menos que él.,Mark oikuaaporã peteĩ mba'e. Harry sa'ieteve oikuaa ichugui. ,Harry sabía mucho menos que Mark.,Harry sa'ieteve oikuaa ichugui.,1
25ff2aa7aa7aa53e09f1d2c9c26628b5,"Era una tarde de verano, y el perro estaba tumbado en medio del césped. Al cabo de un rato, se levantó y se dirigió a un lugar bajo el árbol, porque tenía calor.","Peteĩ ka'aru arahaku jave, ha jagua oñenohína kapi'ipe mbytépe. Upe riremínte, opu'ã ha oho yvyra guýpe hakúma rupi ichupe.  ",El perro tenía calor.,Hakúma jaguápe.,1
8bd75b54d1d63f272593a102b272711e,"Estaban retransmitiendo un anuncio, pero entró un tren en la estación y no pude escucharlo.","Ombohasahína hikuái marandu, ha upe jave oike peteĩ tren estación-pe ha nahendúi upe he'íva.",No pude escuchar el anuncio.,Nahendúi upe marandu.,0
fb28ba96105f75808a90e2578ae2da48,John estaba estudiando en la biblioteca cuando escuchó a un hombre que murmuraba y silbaba. Estaba muy molesto.,John oñemoaranduhínakuri arandukakotýpe ha upeichaháguinte ohendu oñe'ẽguyguy ha oturuñe'ẽva. Ombopochyete ichupe upéva.,John estaba muy molesto.,John ipochyeterei,1
52625b6e77f536c68c2ee249584484d0,Mary sacó su flauta y tocó una de sus piezas favoritas. Le gustaba desde que era niña.,Mary oguenohẽ imimby ha ombopu peteĩva purahéi ohayhuvéva. Ohayhu yma imitãkuñami guive.,Le gustaba aquella pieza desde que era niña.,Ohayhu upe purahéi yma imitãkuñami guive.,1
77a8d72928418fbc6957e8126f6381b4,Jane llamó a la puerta y Susan respondió. La invitó a salir.,Jane ojepopete okẽ renondépe ha Susan osẽ ohecha. Ojerure ichupe osẽ hag̃ua oñondive.,Susan la invitó a salir.,Susan oipepirũ ichupe osẽ hag̃ua hendive.,0
66851fd825412743ec1ccaea14d541a2,"Los padres de Pam llegaron a casa y la encontraron en la cama con su novio, Paul. Se enfadaron mucho.",Pam sy ha itúva og̃uahẽ hógape ha ojuhu chupe tupápe ichíko Paul ndive. Ipochyeterei hikuái.,Pam y Paul se enfadaron mucho.,Pam ha Paul ipochyeterei hikuái.,0
8dd861caf907f0c88456cdd369d9fb4e,"Estaba allí sentado sintiéndome un poco como el chico de aquella historia que leí una vez, que había asesinado a una mujer y había ocultado el cuerpo bajo la mesa del comedor, y después tuvo que ser el alma de la fiesta, con ella allí todo el tiempo.","Aguapy'aína upépe añeñandu upe mitãkaria'ýicha amoñe'ẽva'ekue rembiasakuépe, ojukava'ekue peteĩ kuñáme ha hetekue oñongatu mesa karuha guýpe, ha upéi ha'éntema hetia'éva vy'aguasu aja, upe kuña retekue reheve upépe.","Tuvo que ser el alma de la fiesta, con la fiesta allí todo el tiempo.","Ha'étamante upe hetia'evéva vy'aguasu aja, vy'aguasu upépe oiko aja.",0
9359ff723717f590db165fb5f3e54904,"Se suponía que Fred tenía que poner el lavavajillas en marcha, pero ya lo haría más tarde porque quería ver la televisión. Pero al final el programa era aburrido, o sea que cambió de opinión y lo apagó.","Fred omoĩva'erãkuri upe tembiporu joheiha, katu ohejavénte ág̃amieve g̃uarã ohechase rupi téle. Upéi ohechakuaa upe télepe ombohasáva nahe'ẽiha, omoambue upe he'iva'ekue ha ombogue.",Cambió de opinión y apagó el televisor.,Omoambue upe he'iva'ekue ha ombogue,1
2967647dd1c6a0d3b813cd569b25e0dd,"No es fácil dejar la misma distancia entre un ojal y otro, y es muy difícil cortarlos todos exactamente con el largo correcto. El más mínimo desvío del punzón hará que un ojal sea demasiado grande, y un solo hilo sin cortar lo hará demasiado corto.","Hasy ojeheja hag̃ua upe ojal renda peteĩchapa ojoehegui, ha hasy oiñeikytĩ hag̃ua peteĩchapaite.Michĩmínte jepe oku'éramo punzón ikatu tuichavéma ojal ambuégui ha peteĩ inimbónte jepe noñeikytĩriramo ikatu ojal mbykyve.  ",Y un solo hilo sin cortar hará que el hilo sea demasiado corto.,ha peteĩ inimbónte jepe noñeikytĩriramo ikatu imimbo mbykyve.,0
0b9cb3e22b9302110701fd5b11fb6ea5,La biografía de Sam Goodman sobre el general espartano Jenofonte transmite una vívida visión de las dificultades con las que se enfrentó en su investigación.,Sam Goodman ojapova'ekue general espartaygua Jenofonte rekoveasakue ohechauka mba'eichaitépa heta iñapañuãi ojapo hag̃ua hesegua tembikuaareka.,La biografía de Sam Goodman sobre el general espartano Jenofonte transmite una vívida visión de las dificultades con las que Goodman se enfrentó en su investigación.,Sam Goodman ojapova'ekue general espartaygua Jenofonte rekoveasakue ohechauka mba'eichaitépa heta iñapañuãi ohasa Goodman ojapo hag̃ua ehegua tembikuaareka.,1
14d28fe91b7143c945668a2976faa02a,"Alice limpiaba el polvo del salón e intentaba encontrar el botón que su madre había perdido. Hoy no tenía tiempo para mirar las fotos antiguas de su álbum favorito. Hoy tenía que buscar un botón, por lo que dejó el álbum sobre un sillón sin ni siquiera abrirlo.","Alice omopotĩkuri yvytimbo kotyguasúpe ha upekuévo oheka votõ okañyva'ekue isýgui. Ko'árape nahembýi ichupe aravo ohecha hag̃ua umi ta'ãnga ymaguare upe álbum ohayhuvevapegua. Ko árape ohekava'erã peteĩ votõ, upévare oheja álbum sillón ári ohecha'ỹre ni peteĩ hogue.",Su madre tenía que buscar un botón.,Isy ohekava'erã peteĩ votõ.,0
c50bda1d558cdd9d2b6a4234f0711e4a,Vertí agua de la botella a la taza hasta que estuvo llena.,Amoĩ y botella-gui taza-pe henyhẽte peve.,La taza estaba llena.,Henyhẽtéma pe taza,1
57eb30ab406ac9f43f5875b22ab63d2a,John estaba estudiando en la biblioteca cuando escuchó a un hombre que murmuraba y silbaba. Estaba muy molesto.,John oñemoaranduhínakuri arandukakotýpe ha upeichaháguinte ohendu oñe'ẽguyguy ha oturuñe'ẽva. Ombopochyete ichupe upéva.,El hombre estaba muy molesto.,Upe kuimba'e ipochyetereikuri.,0
c9f1be98addc2c17c6685ce2b5abc814,"Jackson estaba muy influido por Arnold, aunque vivió dos siglos después.","Jackson omomba'eguasueterei Arnold-pe, jepémo heñóikuri 200 ary upe riréma. ",Jackson vivió dos siglos después.,Jackson oikove 200 ary uperiréma.,1
841f9ad81b36bf32cc7873cc2ad27841,El padre llevaba al hijo que dormía en su cochecito.,Upe túva oguerahákuri ita'ýrape coche'ípe oke aja,El padre llevaba al hijo que dormía en el cochecito del padre.,Upe túva oguerahákuri ita'ýrape oke aja coche'ípe ha'éva itúva mba'e.,0
ab09bc6970153557b766096d9758d73b,Dan se sentó atrás mientras Bill reclamaba el asiento de delante porque había sido más rápido.,Dan oguapy ikupépe ha upe aja Bill oguapy tendondepeguápe ha'e ipya'eve rupi.,Dan se sentó atrás mientras Bill reclamaba el asiento de delante porque Dan había sido más rápido.,Dan oguapy ikupépe ha upe aja Bill oguapy tendondepeguápe Dan ipya'eve rupi.,0
6dd33943a1bbcc81a5328e858d0eaa73,Los zorros entran de noche y atacan a los pollos. Se han puesto muy nerviosos.,Aguara oike pyharekue ha ho'use ryguasukuéra. Iñangekoipa hikuái.,Los zorros se han puesto muy nerviosos.,Aguarakuéra ipochypa.,0
635143e4ecc1aeb48efef6aad919555e,Saqué la cantimplora de la mochila para tenerla más a mano.,Aguenohẽ yryru che vokógui aguereko hag̃ua cheykereve.,Saqué la cantimplora de la mochila para tener la cantimplora más a mano.,Aguenohẽ yryru che vokógui aguereko hag̃ua yryru cheykereve. ,1
0ca63b11df785462f0fc28296d82ab8e,"Cuando Andrea pasó con la avioneta por encima de Susan, pudo ver la pista de aterrizaje.","Andrea ohasávo avioneta-pe Susan ári, ohechákuri upe pista jeguejyha.",Andrea pudo ver la pista de aterrizaje.,Andrea ohechákuri pista jeguejyha.,1
8cf08e92c82530cb97ee19cd3f85e557,"Cuando Andrea pasó con la avioneta por encima de Susan, pudo ver la pista de aterrizaje.","Andrea ohasávo avioneta-pe Susan ári, ohechákuri upe pista jeguejyha.",Susan pudo ver la pista de aterrizaje.,Susan ohechákuri pista jeguejyha.,0
0bef651b7522aabf3e7d1d5f621760de,"El gato esperaba ante la ratonera a que saliera el ratón, pero era demasiado impaciente.","Mbarakaja oha'ãrõkuri angujakuára renondépe tosẽ upe anguja, katu ipy'atarovaiterei.",El ratón era demasiado impaciente.,Anguja ipy'atarovaiterei,0
176d41b29186082ed5ec2cd601dd4c53,"A todos les gustaron mucho las galletas de avena, solo unos cuantos prefirieron las galletas de chocolate. La próxima vez, deberíamos hacer más.","Opavavete ho'usékuri galleta avena-guigua, oĩnte sa'imi ho'uséva galleta chocolate-gui ojejapóva. Ágã ko'a rire, jajapova'erã hetavéma. ",Deberíamos hacer más galletas de chocolate.,Jajapova'erã hetavéma galleta chocolate-guigua.,0
c3673a4b516b70ce2e8daface8ab17a1,Jim hizo señas al camarero y le señaló su llave del baño.,Jim ojapo seña upe mesápe oñatendévape ha ohechauka ichupe llave báño-pegua.,Jim hizo señas al camarero y le señaló la llave del baño de Jim.,Jim ojapo seña upe mesápe oñatendévape ha ohechauka ichupe Jim llave báño-pegua.,0
a72c03f0a138eccbfde8e9c98185652b,"Mark le pisaba los talones al Sr. Singer. Oyó cómo llamaba al capitán, y le prometía, en la jerga con la que todo el mundo hablaba aquella noche, que en el barco nada resultaría dañado, excepto la munición, pero el capitán y su tripulación prefirieron quedarse en la cabina hasta que finalizara el trabajo.","Mark opyrũ ohóvo Karai Singer pytáre. Ohendu mba'éichapa ohenói capitán-pe, ha ome'ẽ ichupe iñe'ẽ, opave upe pyharépe oñe'ẽhaichaite, ygaratápe oĩvape mba'evete ivaíva ndojehumo'ãiha, katu umíva apytépe ndoikéi vala kuéra, capitán ha hendiveguakuéra opytánte cabina ryepýpe opaite peve ojejapóva.",Oyó como el Sr. Singer llamaba al capitán.,Ohendu mba'éichapa Karai Singer ohenóikuri capitán-pe.,1
068a55fa959b03646fab2d90e6f98563,"En el concurso Loebner los jueces no podían decidir qué concursantes eran los chatbots, porque eran muy estúpidos.","Jeporavo Loebner oikova'ekuépe umi juez noñemoĩri peteĩ ñe'ẽme mavaitévapa umi concursante apytépe ha'e chatbots, oñembotavyeterei rupi hikuái.",Los jueces eran muy estúpidos.,Juez kuéra oñembotavyeterei,1
c14d2c6e089fd5e172131b4c3e9d2b17,La gran bola penetró a través de la mesa porque era de acero.,Mba'e apu'aguasu ombokua mesa ha'e rupi acero-guigua.,La mesa era de acero.,Mesa acero-guigua.,0
aceae5a3e05864e3ebf4b7c6066d7c88,"Si el estafador hubiera conseguido engañar a Sam, él habría perdido mucho dinero.","Upe oporombotavyséva Sam-pe ombotavýrire, ichugui oipe'aramo'ã heta viru.",Sam habría perdido mucho dinero.,Sam-gui oipe'aramo'ã heta viru..,1
9d7cd0d1353e26e62bc93beeb5274085,"El padre averiguó cuánto dinero debía el hombre a la tienda; a eso añadió el alojamiento en la cabaña del cocinero. Restó el importe del salario del hombre, y le extendió un cheque.","Upe kuimba'e ru oporandu mboy virúpa odeve ñemuhãme, upéva ndive omoĩva tembi'uapoha róga repy. Oipe'a upe kuimba'e rembiapo repýgui, ha ome'ẽ ichupe peteĩ cheque.  ",El hombre restó el importe del salario del hombre.,Pe kuimba'e oipe'a odevéva kuimba'e rembiapo repýgui.,0
d23d74ec462a03745414d4408e145c2a,Kirilov cedió la presidencia a Shatov porque era menos popular.,Kirilov oheja tetã ñeisãmbyhy Shatov-pe sa'ive ojehayhurupi.,Kirilov era menos popular.,Kirilov sa'ive ojehayhu.,1
623b35aa4d1a64bb23ada9aa1285fbab,John contrató a Bill para cuidarlo.,John omomba'apo Bill-pe oñangareko haguã hese.,John contrató a Bill para cuidar a Bill.,John omomba'apo Bill-pe oñangareko haguã Bill rehe. ,0
da0834ae76fcf3121ff2d453936a5f6c,"Fred es el único hombre vivo que todavía recuerda a mi padre cuando era niño. Cuando Fred vio por primera vez a mi padre, tenía doce meses.","Fred añóntema kuimba'e oikovéva imandu'áva che túva rehe yma imitãramoguare. Fred ohecha ñepyrũramoguare che rúpe, oguerekova'ekue 12 jasy.","Cuando Fred vio por primera vez a mi padre, mi padre tenía doce meses.","Fred ohecha ñepyrũramoguare che rúpe, che ru oguerekova'ekue 12 jasy.",1
d704c7db02332fee664783d64f3325de,"Bob jugaba a cartas con Adam e iba ganando. Si Adam no hubiera tenido un golpe de suerte, habría perdido.",Bod oha'ã baraja Adam ndive ha oganákuri ohóvo. Adam nda'ipo'áirire upe árape operde mo'ãkuri.,Bob habría perdido.,Bod operde mo'ãkuri.,0
590e95c1f47226cffb0ecb555c897673,"Mary acostó a su hija Anne, para que ella pudiera trabajar.",Mary omoñeno imemby Anne-pe. ha'e ikatu haguãicha omba'apo.,"Mary acostó a su hija Anne, para que Mary pudiera trabajar.","Mary omoñeno imemby Anne-pe, Mary ikatu haguãicha omba'apo.",1
f68250bb316493d862cb7526fd2c0a63,James pidió un favor a Robert pero él se negó.,James ojerure Robert-pe oipytyvõmi haguã ichupe ha he'i ndojaposéiha.,Robert se negó.,Robert noipytyvõséi.,1
704efe119311ebe30c0fa7caeb7b3755,"El camino hasta el lago estaba cortado, por lo que no pudimos cogerlo.","Tape ohóva ypa peve oso, ha upéva rehe ndaikatúi roho upérupi.",No pudimos coger el camino.,Ndaikatúi roiporu tape.,1
b7a7906e3939d36a0cbf0a0c1db7d6a2,"Intentaba pintar un cuadro de árboles frutales, con limones en los limoneros, pero más bien parecían bombillas.","Añeha'ãkuri amoha'ãnga yvyra kuéra hi'áva, limón hi'áva hakãre, katu uvei ojoguave foco-pe. ",Los limones más bien parecían bombillas.,Umi limón ojoguave foco-pe.,1
a8af31ae40ed6d90bfedef82002f188b,Dan tenía que impedir que Bill siguiera jugando con el pájaro herido. Es muy compasivo.,Dan ojoko Bill-pe anivéma haguã oñemboharái upe guyra hasymíva rehe. Ha'e oporombyasykuaa.,Dan es muy compasivo.,Dan oporombyasykuaa.,1
84f886dd7c9b3d8be3b2c968a92d1721,Utilicé un paño viejo para limpiar el cuchillo y después lo tiré a la basura.,Aiporu peteĩ trapo tuja amopotĩ haguã kyse ha upe rire amombo ytýpe.,Tiré el paño a la basura.,Amombo trapo ytýpe.,1
c333926b7d1c64cdcb13c3e83e8ee60e,"El asno deseó que la verruga de su pata trasera desapareciera, y así fue.","Chavurro oipota okañy upe kytã oĩva ipy ikupepegua rehe, ha upéicha oiko.","El asno deseó que la verruga de su pata trasera desapareciera, y la verruga desapareció.","Chavurro oipota okañy upe kytã oĩva ipy ikupepegua rehe, ha upe kytã okañy.",1
dfd3b74cd2d00a51026b729eed13c970,"El saco de patatas estaba debajo del saco de harina, por eso había que sacarlo primero.","Papa bosa oĩkuri harina bosa guýpe, upéva rehe ojeipe'arãemanteva'erã",Había que sacar primero el saco de patatas., Ojeipe'arãemanteva'erã papa bosa.,0
2e727917f1bb8ee0543e6b785aca85a2,Los hombres tenían derecho a que sus hijos trabajaran para ellos hasta que cumplieran los 21 años.,Tuvakuéra iderécho ita'yrakuéra omba'apóvo ichupekuéra g̃uarã omboty peve 21 ary.,Los hombres tenían derecho a que sus hijos trabajaran para ellos hasta que los hijos cumplieran los 21 años.,Tuvakuéra iderécho ita'yrakuéra omba'apóvo ichupekuéra g̃uarã ita'yrakuéra omboty peve 21 ary.,1
8a4bdb7715f22c29d374ec84ead9a9b0,"Los estudiantes mayores acosaban a los más jóvenes, por eso fuimos a ayudarles.","Temimbo'ekuéra tuichavémava orairõ umi imitãvévape, upéva rehe roho roipytyvõ haguã ichupekuéra.",Fuimos a ayudar a los estudiantes más jóvenes.,Roho roipytyvõ umi temimbo'e imitãvévape.,1
fd466307b046d28701aa9c800b8dfd57,"Esta mañana, Joey ha construido un castillo de arena en la playa y ha puesto un estandarte en la torre más alta, pero por la tarde el viento lo ha derribado.","Ko pyharevépe, Joey omopu'ãkuri peteĩ castillo yvýgui playa-pe ha omoĩ peteĩ poyvi'i torre ijyvatevévape, katu ka'aru g̃uarã oitýma yvytu.",Por la tarde el viento ha derribado el estandarte.,Ka'aru g̃uarã oitýma yvytu upe poyvi'i.,1
d86d38ad3acfc6fca09140f60e437101,Ann dio a luz a una niña el mes pasado. Es una niña encantadora.,Ann imembýkuri peteĩ mitãkuña jasy ohasava'ekuépe. Peteĩ mitãkuña ndejukýva.,La hija de Ann es una niña encantadora.,Ann memby ha'e peteĩ mitãkuña ijukýva.,1
3884239cd720c5b52f2c3e9a86f1cc2a,"Grant cultivó sus garbanzos con gran esfuerzo para que él y su familia pudieran comer en invierno. Su amigo Henry le dejó guardarlos en su granero para que se secaran. Después, él y Tatyana los desgranarían y los cocinarían para sus comidas de los domingos.","Grant heta ñeha'ãme oñotỹ garbanzo ho'u haguã hogayguakuéra ndive og̃uahẽ vove ára ro'y. Iñangirũ Henry, ome'ẽ ichupe oñongatu haguã galpon-pe ha upépe ta'ipiru. Upe rire, ha'e ha Tatyana ojykýita ha ojapo chugui hembi'urã arateĩ jave. ","Después, él y Tatyana los desgranarían y los cocinarían para las comidas de los domingos de él y Tatyana.","Upe rire, ha'e ha Tatyana ojykýita ha ojapo chugui hembi'urã arateĩ jave, ha'e ha Tatyana-pe g̃uarã",1
4d7ec43f8e4d5a3b509e9287839e3b9a,Este libro introdujo a Shakespeare en Ovidio; fue una buena selección de su obra.,"Ko aranduka omoĩnge Shakespeare-pe Ovidio remimo'ãme, ojeiporavoporã ko'ã hembiapokue.",Fue una buena selección para la escritura de Ovidio.,Ojeiporavoporã ko'ã hembiapokue Ovidio jehaipyrãme.,1
55064f4112254ea2fd0490b39261e346,La biografía de Sam Goodman sobre el general espartano Jenofonte transmite una vívida visión de las dificultades con las que se enfrentó en su investigación.,Sam Goodman ojapova'ekue general espartaygua Jenofonte rekoveasakue ohechauka mba'eichaitépa heta iñapañuãi ojapo hag̃ua hesegua tembikuaareka.,La biografía de Sam Goodman sobre el general espartano Jenofonte transmite una vívida visión de las dificultades con las que Jenofonte se enfrentó en su investigación.,Sam Goodman ojapova'ekue general espartaygua Jenofonte rekoveasakue ohechauka mba'eichaitépa heta iñapañuãi ojapo hag̃ua Jenofonte tembikuaareka.,0
00553706b7ea76d844995b34945ad2b4,"Jackson estaba muy influido por Arnold, aunque vivió dos siglos después.","Jackson omomba'eguasueterei Arnold-pe, jepémo heñói 200 ary upe riréma. ",Arnold vivió dos siglos después.,Arnold heñói 200 ary upe riréma.,0
9fdd30833b9725f7cae743961f0e1197,Joe ha vendido su vieja casa y ha comprado una nueva a pocos kilómetros de distancia. Se va a marchar de ella el jueves.,Joe ovendékuri hóga tuja ha ojogua peteĩ ipyahúva namombyryiete upégui. Ohóta upégui ágã arapópe.,Se va a marchar de la casa nueva el jueves.,Ohótama óga pyahúgui arapópe.,0
16e56cc6187ffa7ccfb22e7828cb3671,Joan se aseguró de dar las gracias a Susan por toda la ayuda que había recibido.,Joan omboaguyje Susan-pe hetaite oipytyvõ rehe ichupe.,Joan se aseguró de dar las gracias a Susan por toda la ayuda que Joan había recibido.,Joan oaguyjeme'ẽ Susan-pe opaite ñepytyvõ Joan-pe oñeme'ẽva'ekue rehe.,1
a683d445d68183fd79b5e2fdfbdc1d2d,"Larry, un adolescente tímido, vive con su madre viuda en una vivienda social en Brooklyn. El padre de Larry, líder de una banda, murió en un tiroteo; el discípulo de su padre, Antonio, ha tomado a Larry bajo su protección y le enseña a traficar con drogas.","Larry, mitãrusu itĩndymíva, oiko isy viuda ndive peteĩ óga social Brooklyn-pe. Larry túva, omyakãva'ekue mondaha aty, ojejuka peteĩ ñoa'ãhápe; itúva remimbo'ekue, Antonio, oñangareko Larry rehe ha ombo'e ichupe omba'apo haguã droga rehe. ","El discípulo de su padre, Antonio, ha tomado a Larry bajo su protección y enseña a Antonio a traficar con drogas.","Upe túva remimbo'e, Antonio, oguereko Larry-pe hendive ha ombo'e Antonio-pe ovende hag̃ua droga.",1
3da6d7e156735e1af26a7750ba05d6eb,"Bob pagó la formación universitaria de Charlie, pero ahora Charlie actúa como si no lo hubiera hecho. Es muy desagradecido.","Bob opaga Charlie rehe oñemoarandu haguã mbo'ehaovusúpe, katu ko'ágã Charlie oiko mba'eve'ỹrõguáicha. Ndohechakuaáiete upe ojejapova'ekue hese.",Bob es muy desagradecido.,Bob ndoaguyjeme'ẽi araka'eve.,0
46e15cd952c57054d484ca0d604f4bab,"Adam no puede salir del trabajo hasta que Bob llegue para sustituirle. Si Bob hubiera salido de casa a tiempo, ahora ya habría llegado.","Adam ndaikatúi osẽ imba'apohágui Bob og̃uahẽ meve opyta hag̃ua hendaguépe. Bob osẽ voive guive hógagui, ko'ágã og̃uahẽmaramo'ã.",Ahora Adam ya habría llegado.,Ko'ág̃a Adam og̃uahẽmaramo'ã.,0
1360c07c0b30b4820182d3ac964bb5fd,"Fred es el único hombre vivo que todavía recuerda a mi padre cuando era niño. Cuando Fred vio por primera vez a mi padre, tenía doce años.","Fred añóntema kuimba'e oikovéva imandu'áva che túva rehe yma imitãramoguare. Fred ohecha ñepyrũramoguare che rúpe, oguerekova'ekue pakõi ary.","Cuando Fred vio por primera vez a mi padre, Fred tenía doce años.","Fred ohecha ñepyrũvo che túvape, Fred oguereko kuri pakõi ary.",1
a4e4248a34a1fe763b8af47a39658aea,Muchos lectores empiezan a leer los libros de Paul y no puede dejarlos. Son populares porque Paul escribe muy bien.,Hetáma oĩ omoñe'ẽva Paul aranduka ha ndaikatuvéi oheja hikuái. Ojehecharamo Paul ohaiporãiterei rupi.,Los libros de Paul son populares porque Paul escribe muy bien.,Paul arandukakuéra herakuãguasu Paul ohaiporã añetete rupive.,1
1fe899eb4e712dbc5a155083cc262f2c,"En el concurso Loebner los jueces no podían decidir qué concursantes eran los chatbots, porque eran muy estúpidos.","Jeporavo Loebner oikova'ekuépe umi juez noñemoĩri peteĩ ñe'ẽme mavaitévapa umi concursante apytépe ha'e chatbots, oñembotavyeterei rupi hikuái.",Los chatbots eran muy estúpidos.,Umi chatbots ivyrorasáma.,0
9dca8b242c25cc670aba8539289756a1,"Vi a Jim gritando a un tipo con uniforme militar y una gran barba roja. No sé quién era, pero parecía muy triste.","Ahecha Jim osapukái peteĩ kuimba'e ijao militar ha tuicha hendyva pytãvape, ha'etévaicha oñembyasyetereíva.","No sé quién era el tipo con uniforme, pero parecía muy desdichado.","Ndaikuaái mávapa pe karai oguerekóva uniforme, hákatu ha'ete ndovy'áiva.",1
d4024ab60c927c0dffbd12eed1385b58,John no podía ver el escenario si Billy estaba delante de él porque es demasiado bajo.,John ndaikatúi ohecha escenario Bill oñemoĩramo henonderã ha'e ikarape'eterei rupi.,Billy es demasiado bajo.,Billy ikaraperasántema.,0
-*-,"El abogado hizo una pregunta al testigo, pero no quiso responderla.","Abogado oporandu upe testigo-pe, katu nombohováiri ichupe.",El abogado no quiso responderla.,Upe abogado nombohovaiséi.,0
9e582fa767c990841ed583d9d6dbf7a7,Joan se aseguró de dar las gracias a Susan por toda la ayuda que había recibido.,Joan omboaguyje Susan-pe hetaite oipytyvõ rehe ichupe.,Joan se aseguró de dar las gracias a Susan por toda la ayuda que Susan había recibido.,Joan oaguyjeveme'ẽ Susan-pe opaite ñepytyvõ Susan-pe oñeme'ẽva'ekue rehe.,0
b334c3a313b3eaf5a6fc669ee94f52b8,"Mark solo podía pensar en Blaze, su caballo blanco. Temía que los mozos de las caballerizas de Burlington Stables se metieran con él y le acosaran porque era tímido, por eso asumió él mismo la alimentación y el cuidado del animal.","Mark imandu'a Blaze rehentevoi, ikavaju morotĩ. Okyhyje umi Burlington Stables kavaju rógape oñangarekóvagui ani ojahéi hese hekomirĩmi rupi,  upéva rehe ha'etevoi omongaru ha oñangareko hese.  ",Mark asumió él mismo la alimentación y el cuidado del animal.,Mark ha'etévoi omongaru ha oñatende pe mymba rehe.,1
830239e73c4d70c2973ba73fafdf3e87,"Tatyana llevaba dos guitarras y una bolsa, y todavía pudo señalar a los Freeman: ”¡Qué bien que han venido, mamá!”","Tatyana oguerahína mokoĩ mbaraka ha peteĩ vosa, ha upéicharõ jepe imandu'a Freeman kuéra rehe: Iporãite piko che sy ouhaguére hikuái! ","”¡Qué bien que las dos guitarras y la bolsa hayan vendido, mamá!”","”¡Ajépa iporã umi mokõi mbaraka ha pe vosa ovendére, che sy!”",0
0393788a1b4ce1a5f14e78a35d4b0415,Tom lanzó su mochila a Ray cuando llegó a la parte inferior de las escaleras.,Tom omombo ivoko Ray-pe oguejypávo ohóvo escalera.,Ray llegó a la parte inferior de las escaleras.,Ray og̃uahẽ upe jupiha karapevehápe.,1
7c6ea847c534e4e10313d48c3325e862,"Bob jugaba a cartas con Adam e iba ganando. Si Adam no hubiera tenido un golpe de suerte, habría perdido.",Bod oha'ã baraja Adam ndive ha oganákuri ohóvo. Adam nda'ipo'ái rire upe árape operde mo'ãkuri.,Adam habría perdido.,Adam ohundíma.,1
cf21724c5948a9e451306c5aa6e6dc9a,"Mi reunión empezaba a las 16:00 y tenía que coger el tren a las 16:30 por lo que no me quedaba mucho tiempo. Por suerte, fue breve y todo salió bien.","Añembyatyva'erã ágã 16:00 aravo jave ha upeva'erã ajupíta tren ohasáva 16:30 aravópe ha upévare mbykypaite chearavo. Iporãveha, mbykymínte ha osẽ porãmbaite.",La reunión fue breve y todo salió bien.,Upe aty sapy'ami oiko ha osẽporãmba.,1
2427a2df7b0f5e89059f8acfc592f349,"Sid explicó su teoría a Mark, pero no le entendió.","Sid omombe'u hemimo'ã Mark-pe, katu nahesakãi ichupe.",Sid no le entendió.,Sid noikumbýi chupe.,0
c2dea8cf7a15e6faa740d65e1b4a78d2,La mesa no pasará por la puerta porque es demasiado ancha.,Mesa nda'ijamo'ãi okẽrupi ipeterei rupi.,La mesa es demasiado ancha.,Upe mesa ipetereíma.,1
aac25855debc3d5c35f89d42d763f7b6,Sara tomó prestado un libro de la biblioteca porque lo necesita para un artículo en el que está trabajando. Lo escribe cuando llega a casa del trabajo.,Sara oiporu aranduka arandukarendágui oikotevẽ rupi ohai hag̃ua peteĩ artículo omba'apovahína hese. Ohai hógape og̃uahẽ rire imba'apohágui.,Escribe el artículo cuando llega a casa del trabajo.,Ehai upe artículo eg̃uahẽvo nde rógape ne mba'apohágui.,1
c0e8d906753a5d7c3613bc9a2991c1a7,Jane dio golosinas a Joan porque no tenía hambre.,Jane ome'ẽ mba'ehe'ẽ Joan-pe naiñembyahýi rupi.,Joan no tenía hambre.,Joan nda'ivare'ái.,0
0c6d8c7c4f2fe0c54550a60a96396fb3,"Cuando Andrea pasó con la avioneta por encima de Susan, pudo ver el tren de aterrizaje.","Andrea ohasávo avioneta-pe Susan ári, ohechákuri upe aviõ rueda ojeguejyha.",Susan pudo ver el tren de aterrizaje.,Susan ohecha upe aviõ rueda ojeguejyha.,1
f590311c2c6c72b48ee9fae1e4af1841,"Fuimos al lago, porque se había visto un tiburón en la playa del océano, y era un lugar peligroso para nadar.","Rohókuri ypápe, ojehecha rupi peteĩ tiburón océano playa-pe, ha naiporãivoi ojeyta hag̃ua upépe.",La playa del océano era un lugar peligroso para nadar.,Pe océano rembe'y ybyku'i oĩha ijetu'u eyta hag̃ua.,1
3ed24c6d9a2e23532919a258ff5a33b1,Steve siempre sigue el ejemplo de Fred. Le admira mucho.,Steve akóinte oguereko Fred-pe techapyrãramo. Ohecharamoiterei ichupe.,Steve le admira mucho.,Steve ohecharamo ichupe.,1
6ad6474f50bde6fde713de48255a0489,La escultura cayó de la estantería porque no estaba recta.,Ta'ãnga ho'a upe hendágui noñemoĩporãi rupi.,La escultura no estaba recta.,Upe ta'ãnga noñembo'yporãi.,0
2daecdeceab0bd6c0111cfb0689fb571,El dibujo de Sam estaba colgado justo encima del de Tina y parecía mucho mejor con otro encima.,San ojapova'ekue ta'ãnga oñemosãingo upe Tina mba'e ariete ha ha'etévaicha iporãvéva ambue oñemoĩramo hi'ári.,El dibujo de Sam parecía mucho mejor con otro encima.,Upe ta'ãnga Sam mba'éva ha'ete iporãvaitevéva ambue oĩre hi'ári.,0
62d716ce622ecfbf68f4538200b5391b,"Fuimos al lago, porque se había visto un tiburón en la playa del océano, y era un lugar peligroso para nadar.","Rohókuri ypápe, ojehecha rupi peteĩ tiburón océano playa-pe, ha naiporãivoi ko tenda ojeyta hag̃ua.",El lago era un lugar peligroso para nadar.,Upe ypa ijetu'u eyta hag̃ua.,0
f727b293fe8f8e24755f8409332df282,"Cada día después de comer el Sr. Schmidt echaba una larga siesta. Mark le dejaba dormir durante una hora y después lo despertaba, lo reñía y le obligaba a trabajar. Necesitaba conseguir que acabara su trabajo, porque era muy bonito.","Karai Schmit katuete okarupa rire oho oke areporã. Mark oheja ichupe oke 1 aravórupi ha upéi oho omombáy, oja'o ha upéi ojopy ichupe omba'apo haguã. Oikotevẽ hese tojapopa hembiapo, iporãiterei rupi hembiapokue.","El Sr. Schmidt necesitaba conseguir que acabara su trabajo, porque su trabajo era muy bonito.","Upe karai Schmidt oikotevẽkuri omohu'ã añetehápe hembiapo, péva iporã añete rupi.",0
4def112afa9d66e84999e0e6f3593292,El camión de reparto adelantó al autobús escolar porque iba demasiado rápido.,Kamiõ ojapóva reparto ohasa mba'yruguata ogueraháva mitãnguéra mbo'ehaópe ,El camión de reparto iba demasiado rápido.,Upe kamiõ mba'e rerahaha oho hatãitereikuri.,1
f94cfe545fb63a568a3a05ad7afe9de3,"Mary acostó a su hija Anne, para que ella pudiera trabajar.",Mary omoñeno imemby Anne-pe. ha'e ikatu haguãicha omba'apo.,"Mary acostó a su hija Anne, para que la hija de Mary pudiera trabajar.","Mary omoñeno imemby Anne-pe, upe Mary memby omba'apokuaa hag̃ua.",0
6a905eb4d97bf015e99bada24fa56881,Muchos lectores empiezan a leer los libros de Paul y no puede dejarlos. Quedan atrapados porque Paul escribe muy bien.,Hetáma oĩ omoñe'ẽva Paul aranduka ha ndaikatuvéi oheja hikuái. Opyta hendive Paul ohaiporãiterei rupi.,Los libros de Paul quedan atrapados porque Paul escribe muy bien.,Paul arandukaita opyta apytĩmbýpe Paul ohaiporã añetete rupive.,0
e7804a81a36880e0875600ac7e91614b,Jim gritaba a Kevin porque estaba muy enfadado.,Jim osapukái Kevin-pe ipochyeterei rupi hendive.,Kevin estaba muy enfadado.,Kevin ipochyeterei.,0
b65dec21e4c8b2ddbce402cbeceacd78,Kirilov cedió la presidencia a Shatov porque era menos popular.,Kirilov oheja tetã ñeisãmbyhy Shatov-pe sa'ive ojehayhurupi.,Shatov era menos popular.,Shatov sa'ive ojekuaa.,0
f541cbc2b374c484b17f9d3e5a9e2f3b,"Sam iba a clase de francés con Adam, porque estaba orgulloso de hablarlo muy bien.","Sam ohómiva oñemoarandu francés Adam ndive, ipy'aroryeterei oñe'ẽ porãhaguére.",Sam estaba orgulloso de hablarlo muy bien.,Sam ijerovu oñe'ẽporãiterei haguére.,1
7302251dabaadd7d692c4ea26554b7d2,Los concejales negaron el permiso a los manifestantes porque temían la violencia.,Umi consejal nomoneĩséi umi manifestante-pe okyhyje rupi oikórõ g̃uarã sarambi.,Los manifestantes temían la violencia.,Umi oñembyatýva okyje ñenupãvaipágui.,0
4bee8c0bec189f642b0af78aef6196b6,"Bob pagó la formación universitaria de Charlie, pero ahora Charlie actúa como si no lo hubiera hecho. Está muy dolido.","Bob opaga Charlie rehe oñemoarandu haguã mbo'ehaovusúpe, katu ko'ágã Charlie oiko mba'eve'ỹrõguáicha. Hasy chupe upéva.",Charlie está muy dolido.,Charlie-pe hasy oikóvare.,0
56f68c363981916623a41ae8bc84416e,¡Mira! Hay un tiburón nadando justo debajo del pato. Mejor que se apresure hasta un lugar seguro.,¡Emañami! Oĩ peteĩ tiburón ohasáva ype guýrupi. Tekotevẽ pya'emi oho peteĩ tenda oĩporãve hag̃uame. ,Mejor que el pato se apresure hasta un lugar seguro.,Iporãvéta pe ype ohóramo tenda iñapañuai'ỹhápe.,1
08f43b429fa10ecd6bc54186dc64166e,"Bob jugaba a cartas con Adam e iba ganando. Si Adam no hubiera tenido un repentino golpe de suerte, él habría ganado.",Bod oha'ã baraja Adam ndive ha oganákuri ohóvo. Adam nda'ipo'ái rire peichaguiete upe árape oganaramo'ãkuri.,Bob habría ganado.,Bob ha'ete oganáva.,1
cfff967f79c372b5b3fd8a218035eafd,"Era una tarde de verano, y el perro estaba tumbado en medio del césped. Al cabo de un rato, se levantó y se fue bajo el árbol, porque estaba más fresco.","Peteĩ arahaku ka'arúpe, jagua oñenohína kapi'ipe mbytépe. Upe rire pukumi, opu'ã ha oho yvyra guýpe,  ho'ysãve rupi upépe. ",El lugar bajo el árbol estaba más fresco.,Upe yvyraguy porãme ha'ete ipiro'yvéva.,1
bdd9e7d6d9b7ec14a3589cbd607e7d5d,Carol creía que Rebecca lamentaba haber robado el reloj.,Karol oimo'ãkuri Rebecca oimbyasyha omondahaguére pe aravopapaha.,Carol creía que Rebecca lamentaba que Carol hubiera robado el reloj.,Carol orovía Rebecca oñalamentaha Carol omondáre aravopapaha.,0
8bb98609d775430c714b696b9697c2c5,Billy lloraba porque Toby no quería aceptar su juguete.,Billy hasẽkuri Toby ndoipotái rupi ihugéte.,Billy lloraba porque Toby no quería aceptar el juguete de Billy.,Billy hasẽ Toby ndoipotáire Billy ñembosaraiha.,1
e51f25f07f7f16a0da061f245e273bdb,La Dra. Adams informó a Kate de que se había jubilado y le presentó varias opciones para su futuro tratamiento.,Dra. Adams omombe'u Kate-pe ojehuvilamahague ha he'i ichupe mba'épa ojapokuaa tenonderãve oñepohano hag̃ua.,Kate se había jubilado y le presentó varias opciones para su futuro tratamiento.,Kate ojejubiláma ha omog̃uahẽ chupe hetaichagua ñepohano tenonderãguápe g̃uarã.,0
6e6d94838143c7facb1f42cf8a47a07b,"La actriz se llamaba Terpsichore, pero hace unos años cambió su nombre por el de Tina porque creía que era demasiado difícil de pronunciar.","Actriz herava'ekue Terpsichore, katu ndaha'éi aretereíva oñembohéra Tina he'íre ha'e hasyetereiha oje'e hag̃ua.  ",Tina era demasiado difícil de pronunciar.,Tina hasyeterei emoñe'ẽ hag̃ua.,0
9e9fe72807f476b486e963f73d7e8294,"Incluso antes de llegar a la ciudad, pudieron escuchar un ruido como de maíz tostándose. Dora preguntó qué era y papá dijo que eran petardos.","Tavusúpe og̃uahẽ guivéma, ohendu hikuái hyapúva ha'ete avati oñemaimbevahína. Dora oporandu mba'épa ha che ru he'i ichupe oñembokapuha.",Dora preguntó qué era aquella ciudad.,Dora oporandu mba'épa pe táva.,0
c651d564df2be86866a90a1da9cac504,La Dra. Adams informó a Kate de que tenía cáncer y presentó varias opciones para su futuro tratamiento.,Dra. Adams omombe'u Kate-pe oguerekoha cáncer ha he'i ichupe mba'épa ojapokuaa oñepohano hag̃ua. ,La Dra. Adams tenía cáncer y presentó varias opciones para su futuro tratamiento.,Dra. Adams oguereko cáncer ha ohechauka hetaichagua ñepohano tenondeverã.,0
c3a9e128d043ee76be6bc518ca784018,"Vi a Jim gritando a un tipo con uniforme militar y una gran barba roja. No sé quién era, pero parecía muy triste.","Ahecha Jim osapukái peteĩ kuimba'e ijao militar ha tuicha hendyva pytãvape. Ndaikuaái mávapa, katu ha'ete oñembyasyetereíva.","No sé quién era Jim, pero parecía muy triste.","Ndaikuaái mávapa Jim, hákatu ha'ete ndovy'áiva.",0
457df3de0ae666095892cfb5360f1bad,"Cuando Tatyana llegó al camarote, su madre estaba durmiendo. Entró con cuidado para no despertarla, se desvistió y subió a su litera.","Tatyana og̃uahẽ ikoty'ípe, isy okehína. Oike kirĩrĩhamete ani hag̃ua omombáy ichupe, oñemboi ha ojupi hupápe.","Entró con cuidado para no despertarla, se desvistió y subió a la litera de Tatyana.","Oike kirirĩhápe ani hag̃ua oporomombáy, oñemboi ha ojupi Tatyana rupápe.",1
f74f741ff4a4fff018839f121481f660,Jim hizo señas al camarero y le señaló su vaso vacío.,Jim ojapo seña bar-pe oñatendévape ha ohechauka ichupe ivaso inandiha.,Jim hizo señas al camarero y le señaló el vaso vacío de Jim.,Jim ojepoupi camarérope ha ohechauka pe Jim kagua inandiha.,1
3f363cbca93a84089e8858571dbf9b2d,Pete envidia a Martin aunque tiene mucho éxito.,Pete ,Pete tiene mucho éxito.,Pete ikatupyryrasa.,1
54f603b0d36ae91c8cc108ad8b40c6af,"George consiguió entradas gratis para la obra, pero se las dio a Eric, aunque tenía muchas ganas de verla.","George oguereko entrada reínte jeike haguã ñoa'ãngahápe, katu ome'ẽ Eric-pe, jepémo ha'e avei ohechasékuri.",George tenía muchas ganas de verla.,George ohechasetereíma chupe.,1
ee4f5ff3ce700f0fa0e5dee5d6bfdf75,En la sala de estar de Mark hay una pintura de un roble. Está a la derecha de una casa.,Mark sala ñeimeháme oĩ peteĩ pintura roble ra'ãnga. Oĩ peteĩ óga akatúa gotyo.,El roble está a la derecha de una casa.,Upe roble oĩhína pe óga akatúa gotyo.,1
dc0589241a4e30109a1c27986bc26fe4,Billy lloraba porque Toby no quería compartir su juguete.,Billy hasẽkuri Toby ndoiporukaséi rupi chupe ihugéte.,Billy lloraba porque Toby no quería compartir el juguete de Billy.,Billy hasẽ Toby ndoiporukaséi haguére pe ñembosaraiha Billy-pe.,0
14ab6ba8cb1f5e404e99a34336313f11,La biografía de Sam Goodman sobre el general espartano Jenofonte transmite una vívida visión de las dificultades con las que se enfrentó en su infancia.,Sam Goodman ojapova'ekue general espartaygua Jenofonte rekoveasakue ohechauka mba'eichaitépa heta ohasa'asy yma imitãme.,La biografía de Sam Goodman sobre el general espartano Jenofonte transmite una vívida visión de las dificultades con las que Goodman se enfrentó en su infancia.,Upe Sam Goodman omombe'úva pe general espartano Jenofonte rekovekue rehegua ohechauka añetehápe mba'eichaitépa Goodman oikoasyetereihague imitãramoguare.,0
7f011351208953e538b663d6f4fb182a,"Jane llamó a la puerta de Susan, pero no hubo respuesta. Había salido.","Jane ombota Susan-pe hokẽ, ha mavave nombohovái ichupe. Osẽkuri.",Susan había salido.,Susan osẽmakuri.,1
6d6192e08974adac629df72dfde42438,John estaba estudiando en la biblioteca cuando escuchó a un hombre que murmuraba y silbaba. Era muy molesto.,John oñemoaranduhínakuri arandukakotýpe ha upeichaháguinte ohendu oñe'ẽguyguy ha oturuñe'ẽva. Oporomyangekói upéva. ,El hombre era muy molesto.,Upe karai oporomoangekoieterei.,1
561a99e5877f1fcd1126dbe72b5cace2,"En medio del concierto al aire libre empezó a llover, pero siguió hasta las 10.","Concierto oiko javehína inandihápe oñepyrũ oky sapy'a, katu oho hese 10 aravo peve.",El concierto siguió hasta las 10.,Upe jepurahéi ipuku 10 aravo peve.,1
831378d2e921aa3d32a6f42785d51fb9,"Mark solo podía pensar en Blaze, su caballo blanco. Temía que los mozos de las caballerizas de Burlington Stables se metieran con él y le acosaran porque era tímido, por eso asumió él mismo la alimentación y el cuidado del animal.","Mark opensa Blaze rehe añoite, ikavaju morotĩ. Okyhyje umi kavaju oikohapegua omba'apovakuéra Burlington Stables mba'éva omyangekóivo chupe ikoyguaiterei rupi, upévare ha'etévoi omongaru ha oñantendéta ko mymba rehe.",Blaze temía que los mozos de las caballerizas de Burlington Stables se metieran con él y le acosaran.,Blaze okyhyje umi kavaju oikohapegua omba'apovakuéra Burlington Stables mba'éva omyangekóivo chupe.,0
7cb2de073540b7b7f6293e49930cdc62,"Mientras estiraba la espalda, la mujer sonrió a la niña.","Ojetetira aja, upe kuñakarai opukavy pe mitãkuña'ípe.","Mientras estiraba la espalda de la mujer, la mujer sonrió a la niña.","Opoko aja upe kuña atúare, pe kuña opukavy mitãkuña'ípe.",1
196cf03e0e11f5f6ef1f799ab072f3c3,"Beth no se enfadó con Sally, que la había interrumpido, porque se esperó y se disculpó.","Beth ndaipochýi ñetehápe Sally ndive, oñe'ẽ jokóva ichupe, oha'ãrõ ha oñepomoĩ ichupe.",Beth se paró y se disculpó.,Beth oñembo'y ha ojerure omoñyrõmi hag̃ua chupe.,0
cc05aacc464a8858cb55717225e73c02,La copa no cabe en la maleta marrón porque es demasiado grande.,Upe kagua ndoikéi pe aoryruguasu marrõvape tuichaiterei rupi.,La copa es demasiado grande.,Pe kagua ñemokõha tuichaiterei.,1
560c44eb2b780476bf47b1daf1954e14,"Todos los botones de la parte de atrás del vestido de Dora se abrochaban por fuera. Maude tendría que haber pensado en abrochárselos, pero no, había dejado a la pobre Dora que lo hiciera como pudiera ella sola.","Opaite votõ Dora aopuku tapykue gotyoguáva oñeprende okáguivo añónte. Maude ha'eva'erãkuri pe oprendéva, hákatu nahániri, oheja Dora-pe ha'eñorei ojapóvo ikatumíva añónte.",Había dejado a la pobre Dora que lo hiciera como Dora pudiera ella sola.,Oheja Dora-pe ojapo hag̃uáicha ha'e ojapo hag̃ua ikatumiháicha.,1
8137f1642975a09c12f445c77646f263,"Alice limpiaba el polvo del salón e intentaba encontrar el botón que su madre había perdido. Hoy no tenía tiempo para mirar las fotos antiguas de su álbum favorito. Hoy tenía que buscar un botón, por lo que dejó el álbum sobre un sillón sin ni siquiera abrirlo.","Alice omopotĩ mba'etimbo kotyguasupegua ha ohekahápe avei pe votõ isy ohundiva'ekue. Ko árape ndarekói pa'ũ ahecha hag̃ua ta'ãnga ymaguare pe ta'ãngaryru ahayhuvévape. Ko árape ahekáta kuri peteĩ votõ, ohejahápe ta'ãngaryru apykaguasu ári ohecha'ỹre mba'evete.",Alice tenía que buscar un botón.,Alice ohekava'erãkuri votõ.,1
f9165f8d800fa06ea5875bd670527097,Fred miraba la televisión mientras George salía a comprar comida. Al cabo de una hora volvió.,Fred ohecha téle George osẽ aja ojogua tembi'u. Peteĩ aravo haguépe ou jey.,Fred volvió.,Fred ou jey.,0
5c0cc68db6e4a557741460e2528b2b8c,"Sam iba a clase de francés con Adam, porque estaba orgulloso de hablarlo muy bien.","Sam oho mbo'ehakotýpe oikuaaségui francés Adam ndive, ijerovúgui oñe'ẽporãitereiha.",Adam estaba orgulloso de hablarlo muy bien.,Adam ojerovu oñe'ẽporãiterei haguére.,0
f62ab837da385a311d21859f743e5a9d,"El Sr. Moncrieff visitó el lujoso apartamento de Chester en Nueva York, pensando que era de su hijo Edward. El resultado es que el Sr. Moncrieff ha decidido cancelar la asignación de Edward porque ya no necesita su ayuda financiera.","Karai Moncrieff oho Chester róga iporãitévape táva Nueva York-pegua, oimo'ãhápe ita'ýra Edward mba'eha. Ha osẽva kóvagui katu karai Moncrieff mome'ẽvéima pirapire Edward-pe noikotevẽvéima rupi iñepytyvõ.",Ya no necesita la ayuda financiera de Edward.,Noikotevẽvéima Edward ñepytyvõ rehe.,0
0d18e79681257554f06589954f7ab21c,El hombre llevó al chico sobre sus hombros.,Upe karai ogueraha pe mitã'i ijatúa ári.,El hombre llevó al chico sobre los hombros del chico.,Upe karai ogueraha mitã'ípe pe mitã'i atúa ári.,0
8bd75b54d1d63f272593a102b272711e,"Estaban retransmitiendo un anuncio, pero entró un tren en la estación y no pude escucharlo.","Oñemoherakuãhína peteĩ marandu ñemurãva, hákatu oike peteĩ tren pe estación ryepýpe ha upévare nahendúi.",No pude escuchar el anuncio.,Nahendúi pe marandu ñemurãva.,1
1f2770493b47ec65fb9f75e75ad4205f,"Papá observó las caras de sus hijas, tan asombradas y tristes ahora. Ya era bastante malo que tuvieran que renunciar a tantas cosas porque él no podía permitírselas.","Che ru ohecha itajyrakuéra rova, ha'ete oñemondýi ha hovasyetereíva. Naiporãmbái mitãkuña'inguéra ohejareívo hetaiterei mba'e ha'e ndaikatúi haguére ojoguánte.",Ya era bastante malo que las niñas tuvieran que renunciar a tantas cosas porque él no podía permitírselas.,Naiporãmbái mitãkuña'inguéra ohejareívo hetaiterei mba'e ha'e ndaikatúi haguére ojoguánte.,1
2a573d2a61ab8618de2ebfcf2b55f60e,"Fuimos al lago, porque se había visto un tiburón en la playa del océano, y era un lugar más seguro para nadar.","Roho ypápe, ojehecha rehe upépe peteĩ tiburón pe océano rembe'ýpe, ha upépe ikatútakuri ojeyta apañuai'ỹre.",La playa del océano era un lugar más seguro para nadar.,Upe océano rembe'y jeytaha naiñapañuáiri.,0
09393dcf7548719436769d5788420bc8,Grace estaba contenta de cambiar su sudadera por mi chaqueta. Cree que le queda muy bien.,Grace ovy'a añetehápe ikatu rehe ocambia isáco chemba'e ndive. Oguerovia opyta porãha hese.,La chaqueta le queda muy bien.,Pe chaqueta oĩporã hese.,1
1b559b66fd284b3927de33782e6c075c,"Lionel tiene como prisionero a un científico, el doctor Vardi, que ha inventado un dispositivo que convierte a los animales en invisibles; Lionel tiene previsto utilizarlo en Geoffrey y enviarle a robar material nuclear de un almacén del ejército.","Lionel oguereko ka'irãime peteĩ científicope, doctor Vardi, omoheñoiva'ekue peteĩ mba'e mymbakuéra omokañýva; Lionel oiporuse kóva Geoffrey rehe ha péicha omondóta amonda hag̃uáicha material nuclear ejército mba'éva.",Lionel tiene previsto utilizarlo en Geoffrey y enviar al Dr. Vardi a robar material nuclear de un almacén del ejército.,Lionel oiporuse Geoffrey-pe ha omondo Dr. Vardi-pe omondávo material nuclear milikokuéra mba'évagui.,0
567dbb9da8c53f83b58b9be6b290de6e,Fred miraba la televisión mientras George salía a comprar comida. Al cabo de una hora se levantó.,Fred ohecha téle ha George osẽ ojogua tembi'u upe aja. Ohasávo peteĩ aravo opu'ã.,Fred se levantó.,Fred opu'ãma.,1
a09519ace5a7be4dd410e29fb5b01cfc,Coloqué el libro pesado sobre la mesa y se rompió.,Amboguejy pe aranduka pohýi mesa árí ha upévare opẽ.,La mesa se rompió.,Upe mesa opẽma.,1
dce68c1100730e56fec92bb397b9de4b,"Queríamos colocar ejemplares de nuestro boletín en todos los asientos de la sala, pero había demasiados.","Romoĩsékuri ore jahaipy marandurã peteĩteĩva umi apyka ári, hákatu hetaitereíma oĩ.",Había suficientes asientos.,Oĩkuri hetaiterei apyka.,1
bc72f867f0d82533fb75ed3f4800b203,El dibujo de Sam estaba colgado justo encima del de Tina y parecía mucho mejor con otro encima.,Sam ojapóva ta'ãnga oĩhína pe Tina ojapova'ekue ariete ha ha'ete iporãvéva ambue hi'ári oĩre.,El dibujo de Tina parecía mucho mejor con otro encima.,Upe Tina ojapóva ta'ãnga iporãve ambue hi'ári oĩre.,1
077a7becc68a2f671919dbc1bb3b1cd1,"La madre de Emma había muerto hacía mucho tiempo, y su educación había quedado en manos de una excelente institutriz.","Emma sy aréma omanohague, ha iñehekombo'e opytákuri peteĩ tapicha ikatupyry añetéva pópe.",La educación de Emma había quedado en manos de una excelente institutriz.,Emma ñemoarandu opytákuri peteĩ tapicha ikatupyry añetéva pópe.,1
9fc9118c09bc90525124e9201b135539,Los científicos están estudiando tres especies de peces que recientemente han descubierto en el Océano Índico. Aparecieron hace dos años.,Umi científico ohesa'ỹijo mbohapy pira aty rehegua ojejuhuramóva Océano Índico ryepýpe. Osẽhague ojapomahína mokõi ary.,Los peces aparecieron hace dos años.,Pirakuéra osẽ ñepyrũkuri ojapóma mokõi ary.,1
5305e77f238416c79370c3b66342f683,El hombre llevó al chico hasta su litera.,Upe karai ogueraha mitãme hupa peve.,El hombre llevó al chico hasta la litera del hombre.,Upe karai ogueraha mitãme pe karai rupa peve.,0
7a1032d7236cd9ae8a1e0a2077eb1507,La Dra. Adams informó a Kate de que se había jubilado y le presentó varias opciones para su futuro tratamiento.,Dra. Adams omomarandu Kate-pe ojejubilamaha ha omog̃uahẽ chupe hetaichagua oñepohanouka hag̃ua tenondeve.,La Dra. Adams se había jubilado y le presentó varias opciones para su futuro tratamiento.,Dra. Adams ojejubiláma ha omog̃uahẽ hetaichagua oñepohanouka hag̃ua tenondeve.,1
940fdac82a187bea353270002c065870,"Alice intentó con todas sus fuerzas evitar que su hija gritara en la fiesta, y nos preguntábamos por qué se comportaba de forma tan extraña.","Alice heta oñeha'ã ikatuháicha imembykuña ani hag̃ua osapukái upe jerokyhápe, ha roñeporandu mba'eicharupípa péicha ojapose.",Alice se comportaba de forma extraña.,Alice ha'ete hekotarovanungáva.,0
f7a203faa18c3166eeefa9b3bdc08dfb,"La actriz se llamaba Terpsichore, pero hace unos años cambió su nombre por el de Tina porque creía que era más fácil de pronunciar.","Upe ñoha'ãngahára héra Terpsichore, hákatu nda'areguasúi omoambuehague héra ko'ág̃a Tina ogueroviáre ndahasyiveha ije'e.",Terpsichore era más fácil de pronunciar.,Terpsichore ndahasyive ije'e.,0
5d31b1c896fecadaae0e45845ad7f264,Fred era el único hombre vivo que recordaba a mi bisabuelo. Era un hombre extraordinario.,Fred ha'eñomi tapicha oikovéva apytépe imandu'áva che taita guasúre. Era un hombre extraordinario.,Fred ha'e tapicha ikatupyry añetéva.,Fred ha'e tapicha ikatupyry añetéva.,0
2270bfe6e332e94c763e9ed1119de3e7,A Anna la prueba le salió mucho peor que a su buena amiga Lucy porque ella había estudiado mucho.,Anna-pe osẽvaive ipruéba iñangirũ Lucy-pe osẽva'ekuégui ha'e olee heteitereive rupi.,Lucy había estudiado mucho.,Lucy alee hetaiterei.,1
c49bc7868191d4914d56483b19aea40d,"El padre averiguó cuánto dinero debía el hombre a la tienda; a eso añadió el alojamiento en la cabaña del cocinero. Restó el importe del salario del hombre, y le extendió un cheque.","Upe túva oikuaase mboyete virúpa odeve pe karai ñemuhápe; upépe ombojuaju jekeha tembi'uapoha rogapegua. Oipe'a viru karai ocobrávagui imba'apohápe, ha ombohasa chupe peteĩ chéke.",El padre restó el importe del salario del hombre.,Upe túva oipe'a viru pe karai ocobrávagui hembiapohápe.,1
68754a7c621ea1bb47679378daacf944,"Sid explicó su teoría a Mark, pero no le entendió.","Sid omyesakã hemiandu Mark-pe, hákatu noikumbýi chupe.",Mark no pudo comprenderle.,Mark noikumbýi chupe.,1
ad6cdc98ad100eb0e83f882e4acc9323,Jim consolaba a Kevin porque estaba muy enfadado.,Jim ombopy'aguapy Kevin-pe ipochyetereí rupi.,Jim estaba muy enfadado.,Jim ipochyetereíkuri.,0
22e8ff10dd56d32ef7c5f2bdc3737018,Utilicé un paño viejo para limpiar el cuchillo y después lo tiré a la basura.,Aiporu peteĩ trapo tuja omopotĩ hag̃ua kyse ha upéi amombo ytyapýpe.,Tiré el cuchillo en la basura.,Amombo kyse ytyapýpe.,0
d6fb8851b2cf8e40b94e24d1ec197d16,"Si se asomaba desde la cama de arriba, Tatyana podía ver a su madre cómodamente. Cuán pequeña, estirada y rígida estaba en la cama de abajo. Tenía los ojos cerrados, pero Tatyana no estaba segura de que durmiera.","Oñembojáramo tupa yvateguágui, Tatyana ikatu ohecha apañuai'ỹre. Michĩmi, ojepyso ha hetatã tupa yvypeguávape. Hesa ñemboty kuri, hákatu Tatyana ndogueroviái okeha.",Tatyana no estaba segura de que Tatyana durmiera.,Tatyana ndogueroviái okeha.,0
6867ff1c2da285c9b05b0ea1512d0914,"Sam y Amy están muy enamorados, pero a los padres de Amy no les gusta, porque tienen quince años.","Sam ha Amy ojuayhueterei, hákatu Amy tuvakuérape ndogustái, oguereko rupi papo ary.",Sam y Amy tienen quince años.,Sam ha Amy oguereko papo ary.,1
9a7a6234f54beaa3ad042c9cda655d86,Tom dijo “jaque” a Ralph cuando capturó su alfil.,Tom he'i “jaque” Ralph-pe ojagarrávo ijalfil.,Tom dijo “jaque” a Ralph cuando capturó el alfil de Tom.,Tom he'i “jaque” Ralph-pe ojagarrávo Tom alfil.,0